Date,SPY_Open,SPY_Close,Signal,Z_Score
2018-12-28,225.11896832332044,223.46832275390625,0,
2018-12-31,225.10094176816315,225.4256591796875,0,
2019-01-02,221.87179588811404,225.66015625,0,
2019-01-03,223.90129414990102,220.27529907226562,0,
2019-01-04,223.32401879427337,227.65357971191406,0,
2019-01-07,227.92414957546538,229.44851684570312,0,
2019-01-08,231.64937938021197,231.60426330566406,0,
2019-01-09,232.31687155669513,232.6866912841797,0,
2019-01-10,231.14430967565727,233.5075225830078,0,
2019-01-11,232.42508171229733,233.59768676757812,0,
2019-01-14,231.68546339558426,232.17254638671875,0,
2019-01-15,232.5513982231496,234.83343505859375,0,
2019-01-16,235.26635166254192,235.40167236328125,0,
2019-01-17,234.52676427897856,237.1876220703125,0,
2019-01-18,239.00962940531736,240.3445587158203,0,
2019-01-22,238.86535019095635,237.09742736816406,0,
2019-01-23,238.13473667306982,237.59353637695312,0,
2019-01-24,237.41314434802976,237.71981811523438,0,
2019-01-25,239.57788106629977,239.73123168945312,0,
2019-01-28,237.57547786184674,237.90921020507812,0,
2019-01-29,238.0535607576409,237.59353637695312,0,
2019-01-30,239.11787676556534,241.35479736328125,0,
2019-01-31,241.2916536882626,243.47445678710938,0,
2019-02-01,243.67295753446578,243.59178161621094,0,
2019-02-04,243.63679199080403,245.30548095703125,0,
2019-02-05,245.73843811091172,246.33375549316406,0,
2019-02-06,246.05425610324272,246.00914001464844,0,
2019-02-07,244.38553775543153,243.66395568847656,0,
2019-02-08,242.4101522933993,243.96157836914062,0,
2019-02-11,244.6200178309107,244.0968475341797,0,
2019-02-12,245.72050094962657,247.23583984375,0,
2019-02-13,248.0746615775318,248.03857421875,0,
2019-02-14,246.9471268509823,247.4883270263672,0,
2019-02-15,249.2743131912077,250.18533325195312,0,
2019-02-19,249.38250173210025,250.61822509765625,0,
2019-02-20,250.58215187124804,251.12335205078125,0,
2019-02-21,250.48299469502996,250.23043823242188,0,
2019-02-22,250.8527829030626,251.7818603515625,0,
2019-02-25,253.21601726045242,252.1245880126953,0,
2019-02-26,251.77286381668554,251.94424438476562,0,
2019-02-27,251.22265393385223,251.83602905273438,0,
2019-02-28,251.61943874038147,251.36688232421875,0,
2019-03-01,252.9544160229478,252.93638610839844,0,
2019-03-04,254.00079537977408,252.0164031982422,0,
2019-03-05,252.14259118098514,251.6735382080078,0,
2019-03-06,251.79084634318414,250.1492156982422,0,
2019-03-07,249.69819782062467,248.0565948486328,0,
2019-03-08,246.18946918746795,247.56048583984375,0,
2019-03-11,248.28211094068314,251.1504364013672,0,
2019-03-12,251.70960835888422,252.0974578857422,0,
2019-03-13,252.990551239176,253.76625061035156,0,
2019-03-14,253.79324649439,253.6038360595703,0,
2019-03-15,254.15919854118562,254.85678100585938,0,
2019-03-18,255.07423275441627,255.7808837890625,0,
2019-03-19,256.84993401331946,255.84429931640625,0,
2019-03-20,255.62697835196605,255.07432556152344,0,
2019-03-21,254.24977980447457,257.9551696777344,0,
2019-03-22,256.58715714958487,252.990478515625,0,
2019-03-25,252.6462516189721,252.80027770996094,0,
2019-03-26,254.5668973425111,254.68467712402344,0,1.1036507291200575
2019-03-27,254.67562071877853,253.35292053222656,0,1.0146465636615454
2019-03-28,253.98706806445756,254.31320190429688,0,1.1277273351179962
2019-03-29,255.83527561160403,255.91680908203125,0,1.3114389465796477
2019-04-01,257.92803532158666,258.9517517089844,0,1.6852482535441098
2019-04-02,259.14203741805,259.07861328125,0,1.7412478269962404
2019-04-03,260.30165991843205,259.4862976074219,0,1.8249161860695065
2019-04-04,259.81245499491376,260.1748352050781,0,1.9366496619428981
2019-04-05,260.84530220841174,261.4341735839844,0,2.108002191420032
2019-04-08,261.0082748641195,261.6333923339844,0,2.1600642116128075
2019-04-09,260.66402066112636,260.2925720214844,0,2.04256060315604
2019-04-10,260.70927039342575,261.1803894042969,0,2.2087112366223436
2019-04-11,261.6696034845715,261.10791015625,0,2.242649382460766
2019-04-12,262.729737168729,262.87469482421875,0,2.5110090194185046
2019-04-15,262.947054006569,262.70245361328125,0,2.523989928709666
2019-04-16,263.5904146082476,262.87469482421875,0,2.5494016631952277
2019-04-17,263.99796739482156,262.2313537597656,0,2.510458858390448
2019-04-18,262.8201732699737,262.7476806640625,0,2.637274048031288
2019-04-22,261.977643764549,262.97418212890625,0,2.735726625774754
2019-04-23,263.3457040902264,265.3388366699219,0,3.1294562195256064
2019-04-24,265.2573378779178,264.75,0,3.138016880812554
2019-04-25,264.65027716149245,264.58685302734375,0,3.260557835183647
2019-04-26,264.6321587895683,265.8189697265625,0,3.544130804314444
2019-04-29,265.90961438473227,266.2357482910156,0,3.655769877755349
2019-04-30,265.8913611898133,266.37152099609375,0,3.7359895318958967
2019-05-01,267.0057744657543,264.3694152832031,0,3.40684456913603
2019-05-02,264.25162711248925,263.79864501953125,0,3.331646632704833
2019-05-03,265.28446723160243,266.38067626953125,0,3.8436535410009207
2019-05-06,262.05015538618255,265.2844543457031,0,3.739066509559165
2019-05-07,262.8655818010737,260.8543395996094,0,2.9422008850677694
2019-05-08,260.4919128417969,260.4919128417969,0,2.9962327686095964
2019-05-09,258.408213009131,259.7037353515625,0,2.865664064688752
2019-05-10,258.7614995325622,261.00830078125,0,3.2185492159971094
2019-05-13,255.86242629401477,254.4490966796875,0,1.5364762966127097
2019-05-14,255.472770592333,256.75018310546875,0,2.03732049205629
2019-05-15,255.11045353809516,258.254150390625,0,2.3349139521108544
2019-05-16,258.96085743703736,260.6459655761719,0,2.8555249182632068
2019-05-17,258.3266570494433,258.9608154296875,0,2.3336086375994998
2019-05-20,257.34820847262455,257.2485656738281,0,1.7519401200312816
2019-05-21,258.95173339434825,259.56781005859375,0,2.2147082814628622
2019-05-22,258.607410425807,258.7704772949219,0,1.9061929655734353
2019-05-23,256.53276165279954,255.6086883544922,0,1.022572638579943
2019-05-24,257.05828604910874,256.1885681152344,0,1.0506281432215168
2019-05-28,256.4693531017638,253.80581665039062,0,0.4270328196934628
2019-05-29,252.68246093425395,252.10263061523438,0,-0.0025023863319038604
2019-05-30,252.8637552830125,252.79129028320312,0,0.08021368272944086
2019-05-31,250.22731806762204,249.38475036621094,0,-0.5587173375806935
2019-06-03,249.42098444833437,248.75057983398438,0,-0.6568852187126293
2019-06-04,251.06080511622002,254.150146484375,0,0.19295783011288475
2019-06-05,255.78077031383796,256.3515319824219,0,0.5010259828155963
2019-06-06,256.6505981054674,258.0185852050781,0,0.7160215327261651
2019-06-07,259.04232647134563,260.6005859375,0,1.0667258259932206
2019-06-10,262.15885842508976,261.7964782714844,0,1.2044528929687783
2019-06-11,263.62652468320925,261.7330627441406,0,1.1486715996661285
2019-06-12,261.4975176593364,261.2710266113281,0,1.0354795632302038
2019-06-13,262.1859626648318,262.3490295410156,0,1.162741849861946
2019-06-14,262.0592346191406,262.0592346191406,0,1.0758867462147075
2019-06-17,262.29476362168003,262.15887451171875,0,1.0525969580199055
2019-06-18,263.9889256083802,264.9039306640625,0,1.42492260673305
2019-06-19,265.03978052661387,265.5018310546875,0,1.4751878943638013
2019-06-20,268.2016687988333,268.03857421875,0,1.8128589072862988
2019-06-21,267.76730892195235,267.6489562988281,0,1.7086699452242116
2019-06-24,267.858343330806,267.32122802734375,0,1.6196211276245949
2019-06-25,267.3758631931475,264.6993713378906,0,1.1891866852631652
2019-06-26,265.60057578591403,264.435302734375,0,1.1192248627061254
2019-06-27,265.200074227351,265.373046875,0,1.2335496407942088
2019-06-28,266.3561880748382,266.7385559082031,0,1.415930070319296
2019-07-01,270.0887854416464,269.16021728515625,0,1.7615128288819135
2019-07-02,269.11457360804195,269.861083984375,0,1.8486379184954616
2019-07-03,270.543850735897,272.0186462402344,0,2.1608837644371337
2019-07-05,270.7806299996345,271.7091979980469,0,2.0835950983989293
2019-07-08,270.3892202203985,270.21624755859375,0,1.8310635425123658
2019-07-09,269.05090327623617,270.5530090332031,0,1.8670506916806295
2019-07-10,271.62722311024095,271.845703125,0,2.0663715737201187
2019-07-11,272.4920837860428,272.48297119140625,0,2.1641596674606043
2019-07-12,272.9746564567785,273.70294189453125,0,2.3583911784774525
2019-07-15,274.13989056970115,273.7939453125,0,2.3601937234797696
2019-07-16,273.7029372296452,272.9109191894531,0,2.201922359638319
2019-07-17,272.8835953047576,271.0537414550781,0,1.8794606007905987
2019-07-18,270.5530272456107,272.0460205078125,0,2.071616463957921
2019-07-19,273.14761032491236,270.53485107421875,0,1.8123134812432562
2019-07-22,270.9353865969014,271.19940185546875,0,1.9463481162253622
2019-07-23,272.3282429589469,273.1384582519531,0,2.342950143647326
2019-07-24,272.37372468675693,274.42205810546875,0,2.638433440342848
2019-07-25,273.9669261097101,273.1111755371094,0,2.428916924241992
2019-07-26,273.8030159806886,274.94097900390625,0,2.8278281157764713
2019-07-29,274.8226449253915,274.4402770996094,0,2.726959032178442
2019-07-30,273.0292037240124,273.7666015625,0,2.6360955043938024
2019-07-31,274.0123701685085,270.7714538574219,0,1.9743541360346872
2019-08-01,270.9262975309405,268.4136657714844,0,1.3822616908244771
2019-08-02,267.51237434818466,266.3926086425781,0,0.8624211284876515
2019-08-05,262.26871240427664,258.3814392089844,0,-0.9829890642183542
2019-08-06,260.2840527430889,262.004638671875,0,-0.19292082873321645
2019-08-07,258.90951466253114,262.1595458984375,0,-0.1701908858191058
2019-08-08,263.66152666172474,267.3030090332031,0,0.882205847916339
2019-08-09,266.35618666391804,265.48223876953125,0,0.4761886522095381
2019-08-12,263.971043700708,262.2504577636719,0,-0.20273742529684183
2019-08-13,261.9500979519608,266.3289794921875,0,0.6017433699781677
2019-08-14,262.25045052599626,258.4541931152344,0,-0.9444477021698793
2019-08-15,259.34638865403474,259.1369934082031,0,-0.794629674816748
2019-08-16,260.8029972651777,262.9605712890625,0,-0.10439707365896052
2019-08-19,266.00113314564135,266.1285705566406,0,0.4445610277776331
2019-08-20,265.6188325164499,264.08941650390625,0,0.05837559157981996
2019-08-21,266.2651640066054,266.23785400390625,0,0.4239704663749649
2019-08-22,266.9479600033621,266.1559143066406,0,0.39924367474335415
2019-08-23,264.84498611472975,259.31903076171875,0,-0.8118584450794143
2019-08-26,261.52218695034065,262.186767578125,0,-0.3149417321246748
2019-08-27,263.58875264455764,261.1580505371094,0,-0.5018507581405203
2019-08-28,260.49339912905384,262.9969177246094,0,-0.17587279807662023
2019-08-29,265.5733262684983,266.3562316894531,0,0.40839584630661097
2019-08-30,267.849199727759,266.23785400390625,0,0.3753873222785758
2019-09-03,264.5263743925108,264.6811218261719,0,0.09504642339748004
2019-09-04,266.86600540844864,267.6853332519531,0,0.6045056142152725
2019-09-05,270.1889062791534,271.1265869140625,0,1.1872983550520455
2019-09-06,271.4451747757589,271.3359069824219,0,1.208600673798355
2019-09-09,272.32831541203444,271.4725646972656,0,1.2176891098592155
2019-09-10,270.70777983817015,271.4087829589844,0,1.1907597856181444
2019-09-11,271.718286723705,273.3387451171875,0,1.505630434747987
2019-09-12,274.24919140423094,274.2856140136719,0,1.649942852182257
2019-09-13,274.7316430542898,274.1034851074219,0,1.6044389617274852
2019-09-16,272.9655411699241,273.2568664550781,0,1.4527448905421834
2019-09-17,273.05658770612837,273.9487609863281,0,1.5642700353409087
2019-09-18,273.55726931675645,274.11260986328125,0,1.5833385315777382
2019-09-19,274.50397709663446,274.09429931640625,0,1.5646926477973755
2019-09-20,274.701619334272,272.79931640625,0,1.3256614779173828
2019-09-23,272.13163747681665,272.7352600097656,0,1.3003831530650052
2019-09-24,273.8328171304653,270.59521484375,0,0.9136942925304798
2019-09-25,270.67748157739953,272.1956787109375,0,1.1937994383959494
2019-09-26,272.20484858560644,271.628662109375,0,1.091399040419659
2019-09-27,272.3877846931341,270.1653747558594,0,0.825622973666504
2019-09-30,270.68671677005966,271.4183654785156,0,1.0490916221538489
2019-10-01,272.3055285584782,268.18994140625,0,0.4402038101108753
2019-10-02,266.5985009773126,263.4523620605469,0,-0.43994784173603724
2019-10-03,263.22372448846255,265.61077880859375,0,-0.06358519572344927
2019-10-04,266.2693010483011,269.205078125,0,0.5883872121298341
2019-10-07,268.40027668262866,268.0435791015625,0,0.3591179705393056
2019-10-08,266.17779327299803,263.8822021484375,0,-0.4522331084465189
2019-10-09,265.91261476048356,266.38818359375,0,0.020677546733405903
2019-10-10,266.30591929830115,268.18994140625,0,0.3588256268402146
2019-10-11,270.9610296480038,270.9701843261719,0,0.9077527107310195
2019-10-14,270.65005612363274,270.6683654785156,0,0.831789949541911
2019-10-15,271.7201113541982,273.3480529785156,0,1.3630721158022425
2019-10-16,272.8816214953543,272.9090576171875,0,1.2658013289780825
2019-10-17,274.07975253807456,273.71392822265625,0,1.4392002458797488
2019-10-18,273.17436414897617,272.515869140625,0,1.1595701979469142
2019-10-21,273.84202529339126,274.3633117675781,0,1.5842492588789212
2019-10-22,274.90284099491413,273.46697998046875,0,1.3668198630451813
2019-10-23,273.21090947475324,274.2626647949219,0,1.5431980275130548
2019-10-24,275.2046630412376,274.7107849121094,0,1.6167484017913538
2019-10-25,274.134600490666,275.8357238769531,0,1.8412090913540347
2019-10-28,277.0612694257765,277.3905029296875,0,2.15078171557601
2019-10-29,277.11614414249385,277.3081970214844,0,2.134777424997957
2019-10-30,277.50941477894895,278.1587829589844,0,2.299721066787207
2019-10-31,278.14964535468624,277.41796875,0,2.0787248328971257
2019-11-01,278.8721023807846,279.9878845214844,0,2.619228632168961
2019-11-04,281.5518599591508,281.11285400390625,0,2.778829184261322
2019-11-05,281.3140700750083,280.8019104003906,0,2.639076159959038
2019-11-06,280.80197036380116,280.8659973144531,0,2.562766930693025
2019-11-07,282.2103352422951,281.8536376953125,0,2.8135945681301844
2019-11-08,281.50607751434336,282.5487060546875,0,2.9900368949114755
2019-11-11,281.1585161008787,282.0090637207031,0,2.8165524795316674
2019-11-12,282.37496348260674,282.6036071777344,0,2.875371912422525
2019-11-13,281.6067221449511,282.695068359375,0,2.8438140063757604
2019-11-14,282.41150963872815,283.1065673828125,0,2.858281658376685
2019-11-15,284.45109389096217,285.15533447265625,0,3.214128422425717
2019-11-18,284.9174374246709,285.3655700683594,0,3.3008729367981475
2019-11-19,285.96922573929373,285.2832946777344,0,3.263042168120947
2019-11-20,284.68882364008175,284.2223815917969,0,3.0632159150928016
2019-11-21,284.3322271653254,283.7651672363281,0,2.9782110005057527
2019-11-22,284.5150173312552,284.3961181640625,0,3.0979822348532777
2019-11-25,285.3290667734896,286.6003112792969,0,3.5642534302800106
2019-11-26,286.63688431817883,287.2496337890625,0,3.673120678454553
2019-11-27,287.73432588256634,288.530029296875,0,3.8471768643459825
2019-11-29,287.9629964103619,287.4599914550781,0,3.478929101418758
2019-12-02,287.71604496336914,285.01806640625,0,2.858822578453686
2019-12-03,282.2834557926109,283.1065673828125,0,2.391201877291994
2019-12-04,284.1584576190043,284.853515625,0,2.755158587062309
2019-12-05,285.55765083902855,285.3655700683594,0,2.824225026413786
2019-12-06,287.2862368564629,287.97216796875,0,3.3236000330841082
2019-12-09,287.57880988110435,287.066650390625,0,3.0518687627342507
2019-12-10,287.0118470341735,286.7466125488281,0,2.9185317636570014
2019-12-11,287.2040017963433,287.5606994628906,0,3.0278881174721968
2019-12-12,287.56966952913575,290.0390319824219,0,3.4545229180208556
2019-12-13,289.8012903145586,290.2128601074219,0,3.38859926845347
2019-12-16,291.9504632337459,292.20654296875,0,3.6602142696344377
2019-12-17,292.5907671459367,292.2706604003906,0,3.549583460741153
2019-12-18,292.66394998245374,292.2889709472656,0,3.4589396779470643
2019-12-19,292.4810530538133,293.4870910644531,0,3.5685627589917797
2019-12-20,294.5255754787754,294.77374267578125,0,3.6725515269914806
2019-12-23,295.5640202660511,295.2239685058594,0,3.6355015903244237
2019-12-24,295.4537834175762,295.23321533203125,0,3.519753285344199
2019-12-26,295.6192912396974,296.8049011230469,0,3.693490979184596
2019-12-27,297.5401410113286,296.7313537597656,0,3.7052978349482864
2019-12-30,296.81399273863747,295.0953063964844,0,3.4299930039579483
2019-12-31,294.58996423410105,295.81231689453125,0,3.5276751894719407
2020-01-02,297.35626110222984,298.57861328125,0,3.9923375960134218
2020-01-03,295.1689100231828,296.3177490234375,0,3.695364520927584
2020-01-06,294.55308477939934,297.44818115234375,0,3.9969381182587536
2020-01-07,296.8784184570126,296.6119079589844,0,3.87602351798782
2020-01-08,296.80485100475323,298.1926574707031,0,4.179503059773467
2020-01-09,299.76426370007135,300.214599609375,0,4.577636014775863
2020-01-10,300.80279505064306,299.35064697265625,0,4.33629871316573
2020-01-13,299.9756749401628,301.409423828125,0,4.704758725108524
2020-01-14,300.96826146438474,300.94989013671875,0,4.551646385682798
2020-01-15,300.8579579357879,301.6299743652344,0,4.696243818344142
2020-01-16,303.0178005631925,304.1390686035156,0,5.1261233123693035
2020-01-17,304.85592556140824,305.085693359375,0,5.258153204080572
2020-01-21,304.12056693264725,304.4881896972656,0,5.0843443271803705
2020-01-22,305.3522134207883,304.5250549316406,0,5.076226027901227
2020-01-23,303.87251385833906,304.8742980957031,0,5.129940089585848
2020-01-24,305.53605936740274,302.1630554199219,0,4.5113114103293315
2020-01-27,296.8874935311434,297.3194580078125,0,3.3902455732188526
2020-01-28,298.7532647585038,300.4351806640625,0,4.161384889780508
2020-01-29,301.80461658495443,300.1870422363281,0,4.172439841350188
2020-01-30,298.10987124117054,301.16119384765625,0,4.428186164704801
2020-01-31,300.53624352368223,295.6927490234375,0,2.9421067645232317
2020-02-03,297.18163811265015,297.8893127441406,0,3.481508000395986
2020-02-04,301.5196026439053,302.4294738769531,0,4.682213421936897
2020-02-05,305.3797484796294,305.9219970703125,0,5.562404453083454
2020-02-06,306.8869827652316,306.9513244628906,0,5.754922815905053
2020-02-07,305.8852798546061,305.3154602050781,0,5.307269668180377
2020-02-10,304.42391771233144,307.5946960449219,0,5.870278334209682
2020-02-11,308.95499665525864,308.1278381347656,0,5.964767921518957
2020-02-12,309.5706994550747,310.11297607421875,0,6.396716246764281
2020-02-13,308.6792383556846,309.7821350097656,0,6.1637964466353
2020-02-14,310.19572934064416,310.2784423828125,0,6.1621405731368455
2020-02-18,309.2766850326698,309.4788818359375,0,5.857868235058197
2020-02-19,310.4531096386358,310.9585876464844,0,6.1991401400449115
2020-02-20,310.407045686799,309.6809997558594,0,5.866774897168916
2020-02-21,308.32082508734413,306.49188232421875,0,4.981251467178845
2020-02-24,296.9886977552083,296.32696533203125,0,1.8421384198030548
2020-02-25,297.7239165603431,287.34759521484375,0,-0.49348201809823183
2020-02-26,288.7537840258982,286.2906799316406,0,-0.6620077416058537
2020-02-27,280.7394913284568,273.4328918457031,0,-2.377549591034035
2020-02-28,265.3358514692042,272.2840270996094,0,-2.1424008690780734
2020-03-02,274.0762444015603,284.07574462890625,0,-0.6919632910575604
2020-03-03,284.4525017828348,275.94189453125,1,-1.4945220164987871
2020-03-04,281.34608762342725,287.5406188964844,0,-0.2940001860329752
2020-03-05,280.29837745012924,277.9822998046875,0,-1.1948174367844404
2020-03-06,269.42567728872103,273.3868713378906,0,-1.5185903039563589
2020-03-09,253.02028058245492,252.03689575195312,0,-2.8995749293545257
2020-03-10,261.6044036769729,265.0784912109375,0,-1.7816484232220793
2020-03-11,257.98337086251576,252.15643310546875,0,-2.43005205966208
2020-03-12,235.28220161982645,228.03073120117188,0,-3.3694244143970624
2020-03-13,241.79845272665995,247.52427673339844,0,-2.1478241240912928
2020-03-16,221.66156120655316,220.439208984375,0,-3.1195487239706425
2020-03-17,225.2092150970665,232.34121704101562,0,-2.394478857278897
2020-03-18,217.13055539131165,220.5770721435547,0,-2.663310887311505
2020-03-19,219.88776705498512,221.04579162597656,0,-2.468062552135006
2020-03-20,224.2130655352576,211.52001953125,0,-2.621439314353655
2020-03-23,210.95607325737478,206.11181640625,0,-2.61785044094562
2020-03-24,216.71554205167084,224.7862091064453,0,-1.9309401943200082
2020-03-25,226.37637541652293,228.1513671875,0,-1.7676429022638456
2020-03-26,230.6751408127049,241.4730224609375,0,-1.328169910790505
2020-03-27,234.1419739303978,234.2806396484375,0,-1.514853058074746
2020-03-30,236.38841101925405,241.8890380859375,0,-1.2642206715722246
2020-03-31,240.8813279091943,238.28355407714844,0,-1.3497021635255884
2020-04-01,229.25146926758248,227.55967712402344,0,-1.633786015740038
2020-04-02,226.67218184744664,232.81069946289062,0,-1.4523073002417788
2020-04-03,231.82148196719587,229.44558715820312,0,-1.5232270316016516
2020-04-06,238.36678923826204,244.85659790039062,0,-1.0657609858819115
2020-04-07,253.50041076837442,245.10618591308594,0,-1.0499062928987535
2020-04-08,247.7223822695012,253.33395385742188,0,-0.8059372748616364
2020-04-09,256.6159493233561,257.18914794921875,0,-0.6899757817427462
2020-04-13,256.209222423243,254.8409881591797,0,-0.7563803621055917
2020-04-14,259.7592198933996,262.35699462890625,0,-0.5306651062628126
2020-04-15,256.60669601387923,256.7823486328125,0,-0.6978301153651416
2020-04-16,258.06733065404563,258.0211181640625,0,-0.6594757443390725
2020-04-17,263.8268813194483,264.9917297363281,0,-0.4440004554325314
2020-04-20,261.2660752149449,260.3231201171875,0,-0.5896730386729259
2020-04-21,255.8301713596816,252.41885375976562,0,-0.8378176407218391
2020-04-22,257.3277615377955,258.0211181640625,0,-0.6552995289589734
2020-04-23,259.3061077531656,258.0025939941406,0,-0.6533710729295944
2020-04-24,259.5280605161507,261.598876953125,0,-0.533735847003092
2020-04-27,263.5865265945399,265.3707580566406,0,-0.4077228046819644
2020-04-28,269.0408767126257,264.1504211425781,0,-0.4461551886823107
2020-04-29,269.5123784401886,271.06549072265625,0,-0.2103991338673281
2020-04-30,269.67871266929563,268.5416259765625,0,-0.29435614073801913
2020-05-01,263.76216376036905,261.4324951171875,0,-0.5397096367385846
2020-05-04,259.53731280133104,262.1535949707031,0,-0.5156174497134944
2020-05-05,264.99170891359046,264.57568359375,0,-0.4288095345821135
2020-05-06,266.28596655842614,262.7821960449219,0,-0.49575442997499997
2020-05-07,266.01781453590644,265.9530944824219,0,-0.3770924068446647
2020-05-08,269.1055900344271,270.3536376953125,0,-0.20688812377094395
2020-05-11,268.4122782212897,270.4091491699219,0,-0.20105293517496148
2020-05-12,271.6017329054093,265.01947021484375,0,-0.41722725477878525
2020-05-13,264.4555207320025,260.3323669433594,0,-0.6155561273078647
2020-05-14,257.8824520691451,263.4477844238281,0,-0.4870065088361283
2020-05-15,261.04414141750516,264.6588439941406,0,-0.4349650995076758
2020-05-18,270.91759797817065,272.7203369140625,0,-0.06054299769320202
2020-05-19,272.11944628148876,269.919189453125,0,-0.1809289412257201
2020-05-20,273.4783622894982,274.5045166015625,0,0.044777243049531866
2020-05-21,274.37512681753094,272.609375,0,-0.03257072462675177
2020-05-22,272.32278593242313,273.1270751953125,0,0.0018391231561503043
2020-05-26,279.1269797679578,276.4922180175781,0,0.16358430741486424
2020-05-27,279.30262586533087,280.60614013671875,0,0.3540342276194301
2020-05-28,281.6414911722765,280.08837890625,0,0.3324196291438967
2020-05-29,279.6168561365591,281.3363952636719,0,0.39014773757822385
2020-06-01,280.68930991460604,282.4735412597656,0,0.43802122466617116
2020-06-02,283.3979620169692,284.8124084472656,0,0.5325803597558023
2020-06-03,286.8093286276454,288.6028137207031,0,0.6811094533692903
2020-06-04,287.6136381416931,287.8447570800781,0,0.6403522163825616
2020-06-05,293.27135521881405,295.22198486328125,0,0.9148803639563047
2020-06-08,296.03557987943867,298.79052734375,0,1.044384625475784
2020-06-09,296.1095182967034,296.5625305175781,0,0.9411424781340527
2020-06-10,297.14498894664877,294.9077453613281,0,0.8885099765612716
2020-06-11,287.9372460603715,277.90667724609375,0,0.25186018416512523
2020-06-12,284.96037710591537,281.2347412109375,0,0.3987280430762139
2020-06-15,275.5122749635683,283.86029052734375,0,0.5232145373602022
2020-06-16,291.6535489193092,289.3238525390625,0,0.7805171513228467
2020-06-17,290.35002915153177,288.1220397949219,0,0.7798605810908293
2020-06-18,286.59675074070367,288.2330627441406,0,0.8117839554472213
2020-06-19,291.7207244164923,286.58587646484375,0,0.7639143934136853
2020-06-22,285.9822110315052,288.4242858886719,0,0.8642044886474137
2020-06-23,291.0891498469716,289.7520446777344,0,0.9526417666087951
2020-06-24,287.6999970150494,282.3608703613281,0,0.6103161794679004
2020-06-25,281.785185014913,285.387939453125,0,0.7852409372140733
2020-06-26,284.28300664350064,278.6095886230469,0,0.4787503783613737
2020-06-29,279.87235979034114,282.70440673828125,0,0.7454617053522666
2020-06-30,282.2680429543891,286.3257751464844,0,1.0208869737835662
2020-07-01,287.4493212589986,288.3314208984375,0,1.1807558446979904
2020-07-02,291.78560431906743,289.91925048828125,0,1.3236221498385616
2020-07-06,293.76337246124024,294.394775390625,0,1.6226546751075819
2020-07-07,292.8441044807726,291.3584289550781,0,1.4497425698679833
2020-07-08,292.1291848808781,293.5870056152344,0,1.6147246219399165
2020-07-09,294.1997980673815,291.91558837890625,0,1.5188847462727417
2020-07-10,291.8506477183594,294.8962707519531,0,1.7299917761260697
2020-07-13,297.25471680026754,292.34271240234375,0,1.592636753099935
2020-07-14,290.91284515616576,296.13128662109375,0,1.8381468666726017
2020-07-15,299.37185000638834,298.85186767578125,0,2.017737210125907
2020-07-16,296.93900997273926,297.8675537109375,0,1.9927540010262743
2020-07-17,298.8797105589077,298.73114013671875,0,2.061962751759586
2020-07-20,298.4618498340894,301.1453552246094,0,2.231988736180414
2020-07-21,303.12314665079583,301.7860412597656,0,2.2633656589987283
2020-07-22,301.42388564052834,303.5038146972656,0,2.349448360629351
2020-07-23,303.1417052344792,299.88250732421875,0,2.11069748939846
2020-07-24,298.01617674901337,297.951171875,0,1.9668364641270621
2020-07-27,298.6475506249182,300.1239318847656,0,2.1130042519813683
2020-07-28,299.3903437631197,298.22039794921875,0,2.0143664940393946
2020-07-29,299.1024914646054,301.88812255859375,0,2.293155934981521
2020-07-30,298.8982069121053,300.8110046386719,0,2.2235912065831616
2020-07-31,302.6124177314105,303.1881103515625,0,2.423914006408643
2020-08-03,304.85948175447396,305.2958984375,0,2.581802351200139
2020-08-04,304.43238134859746,306.4751892089844,0,2.632444624509895
2020-08-05,307.7845001998745,308.3787536621094,0,2.7522285723463056
2020-08-06,307.793766340883,310.4400939941406,0,2.905224391366967
2020-08-07,309.4650734077841,310.66290283203125,0,2.9900922912005057
2020-08-10,311.11792522967806,311.59149169921875,0,3.112535477867126
2020-08-11,312.779998216801,309.0193786621094,0,2.958654834553309
2020-08-12,311.4707019012371,313.3277893066406,0,3.3144379769335703
2020-08-13,312.557102295413,312.7613830566406,0,3.2818351956604674
2020-08-14,312.37142388389935,312.77069091796875,0,3.2828367136411796
2020-08-17,313.7920763703615,313.76422119140625,0,3.4178423850531536
2020-08-18,314.16352799255435,314.4421081542969,0,3.5506019529575057
2020-08-19,314.8227712360739,313.1328430175781,0,3.448730127507506
2020-08-20,311.39642778595925,314.1077880859375,0,3.5542688150326733
2020-08-21,313.7735502768915,315.2220764160156,0,3.6878785274776646
2020-08-24,317.67346859897685,318.41632080078125,0,4.027627696196799
2020-08-25,318.98264962045295,319.5304870605469,0,4.131104898392264
2020-08-26,320.124772436954,322.7339782714844,0,4.430127607016569
2020-08-27,323.6067956437199,323.43963623046875,0,4.414069897181786
2020-08-28,324.4703748611952,325.5289001464844,0,4.55977946141611
2020-08-31,325.3153027924507,324.349609375,0,4.299559055399334
2020-09-01,325.18536841118373,327.40460205078125,0,4.506349271454136
2020-09-02,329.32665006940977,332.14013671875,0,4.843146394901746
2020-09-03,330.4408364749893,320.709716796875,0,3.495048498144253
2020-09-04,321.39695363225843,318.0913391113281,0,3.302723521577029
2020-09-08,312.64995805588933,309.4000549316406,0,2.2737552527075664
2020-09-09,313.42996074954317,315.5099182128906,0,3.050286501765065
2020-09-10,317.3948707061211,310.0315246582031,0,2.2934208256706645
2020-09-11,311.82351580895926,310.18927001953125,0,2.242378398758515
2020-09-14,313.3742137938295,314.27490234375,0,2.711891481489353
2020-09-15,316.7448620744899,315.8627624511719,0,2.88769402816023
2020-09-16,317.1069460233685,314.6091613769531,0,2.6741159325332546
2020-09-17,309.72511455247275,311.8421936035156,0,2.2373066960976717
2020-09-18,312.65222417260696,308.251953125,0,1.7226914381413487
2020-09-21,303.63735858807763,304.8213195800781,0,1.199332585922393
2020-09-22,306.31298801029516,307.92578125,0,1.5680526946194364
2020-09-23,308.4850922945836,300.7846374511719,0,0.5718868956661756
2020-09-24,299.46078098618597,301.5863342285156,0,0.5908727391089035
2020-09-25,300.72870054393417,306.4621276855469,0,1.0777792829215669
2020-09-28,310.6479519592277,311.55224609375,0,1.5738863920217994
2020-09-29,311.34715281415293,309.85552978515625,0,1.301401653499542
2020-09-30,310.52665640806515,312.2047424316406,0,1.4860227339302698
2020-10-01,314.81510069439906,314.2091369628906,0,1.6306771500135526
2020-10-02,309.2308378000709,311.2258605957031,0,1.2415202596315442
2020-10-05,313.2956181606172,316.7449951171875,0,1.7357405813955917
2020-10-06,316.88473389843483,312.2420654296875,0,1.2022235234775958
2020-10-07,315.2159727197125,317.6771545410156,0,1.6792579059735797
2020-10-08,319.6255886004015,320.4925842285156,0,1.9052186759560796
2020-10-09,322.1520204494278,323.3546447753906,0,2.1332048764128944
2020-10-12,325.90902357890184,328.556640625,0,2.598243701337055
2020-10-13,328.41683059824504,326.4124755859375,0,2.3397292217762864
2020-10-14,326.99046289482385,324.3614807128906,0,2.089398129747298
2020-10-15,320.42735587896095,323.96063232421875,0,2.0096712481717938
2020-10-16,325.32169100417735,323.76483154296875,0,1.945060075095067
2020-10-19,325.03269518199545,318.8424987792969,0,1.400950107148146
2020-10-20,320.19422775602,320.1196594238281,0,1.479937023056538
2020-10-21,320.0731583055721,319.5138244628906,0,1.3721665164634251
2020-10-22,319.72816327453256,321.2663879394531,0,1.5036435999549431
2020-10-23,322.49698065060255,322.3571472167969,0,1.5729547620458735
2020-10-26,318.95437928207303,316.3999938964844,0,0.9578965097839717
2020-10-27,316.7448934956148,315.3092041015625,0,0.8263162357980999
2020-10-28,309.6037571211918,304.5322570800781,0,-0.1959364100645043
2020-10-29,304.765393806988,307.62744140625,0,0.07553515184974934
2020-10-30,306.0425653141652,304.4204406738281,0,-0.21490951835691702
2020-11-02,307.8325500488281,307.8325500488281,0,0.056397781154974194
2020-11-03,311.08603077780833,313.26751708984375,0,0.4981916337164536
2020-11-04,317.77034919955645,320.2688293457031,0,1.0780115411247337
2020-11-05,325.58272341467915,326.5149841308594,0,1.6159065839826532
2020-11-06,326.22599947152867,326.4404296875,0,1.5989682942837353
2020-11-09,339.3149351821384,330.5423583984375,0,1.9562798368891536
2020-11-10,329.544856684147,330.0576171875,0,1.9015595558557195
2020-11-11,332.25770133931104,332.5094299316406,0,2.1197630501478293
2020-11-12,331.49329763734,329.2838439941406,0,1.8028402976511197
2020-11-13,331.2043066741846,333.8426208496094,0,2.214820403640609
2020-11-16,336.52759607507437,338.0098876953125,0,2.5916279826192072
2020-11-17,335.58593068439836,336.19189453125,0,2.4042681443855445
2020-11-18,336.4622460448913,332.1458740234375,0,2.001451357144612
2020-11-19,331.5119288783694,333.54425048828125,0,2.1658363530604783
2020-11-20,333.2832418785046,331.2602233886719,0,1.9519697293788116
2020-11-23,333.07808003997565,333.2458801269531,0,2.221969228126211
2020-11-24,335.8096694568364,338.61578369140625,0,2.8903264694543327
2020-11-25,338.5319137721488,338.09375,0,2.9330038775702727
2020-11-27,339.1937161832419,339.0352478027344,0,3.2872360752427423
2020-11-30,338.25210166156023,337.5342712402344,0,3.109995283503578
2020-12-01,340.80651298549947,341.22601318359375,0,3.5993815828300755
2020-12-02,340.10738433573124,341.9439392089844,0,3.583581777695369
2020-12-03,341.84134577914966,341.8506774902344,0,3.499254797172745
2020-12-04,342.4380123903091,344.796630859375,0,3.7772126303127718
2020-12-07,344.02286968163634,344.088134765625,0,3.564269716015408
2020-12-08,342.81092050959734,345.094970703125,0,3.594102611174852
2020-12-09,345.7569494967149,341.99993896484375,0,3.117526054654825
2020-12-10,340.6201414584873,341.8880310058594,0,3.0389570918419864
2020-12-11,340.1819317438128,341.4870910644531,0,2.9233186766217543
2020-12-14,343.66862960375323,339.9582214355469,0,2.6679898934445263
2020-12-15,342.51260685790055,344.55426025390625,0,3.224601738527882
2020-12-16,344.76867375400104,345.094970703125,0,3.2273212950464
2020-12-17,346.7450524040855,347.02471923828125,0,3.4752878149080964
2020-12-18,347.31499779996716,345.6391296386719,0,3.2974771584324896
2020-12-21,341.697556038171,344.40325927734375,0,3.097086783270747
2020-12-22,344.7310249207722,343.8228759765625,0,2.964567046355927
2020-12-23,344.79655465248607,344.1318359375,0,2.971706169994145
2020-12-24,344.6092326171333,345.4705810546875,0,3.1115945494624335
2020-12-28,348.0358434497332,348.4384460449219,0,3.4613328986913046
2020-12-29,349.97393070277417,347.7737731933594,0,3.3310452265278454
2020-12-30,348.59761582943503,348.2699279785156,0,3.3391894344458506
2020-12-31,348.0732694651527,350.03936767578125,0,3.5469446379748657
2021-01-04,351.37816437405587,345.27392578125,0,2.824550665102715
2021-01-05,344.62801860513036,347.65203857421875,0,3.1095709262471307
2021-01-06,346.1353006445559,349.7304382324219,0,3.34394398828275
2021-01-07,352.11784037667184,354.9265441894531,0,3.9946746736381633
2021-01-08,356.321532251662,356.9488220214844,0,4.154038890307729
2021-01-11,353.75635178135303,354.54278564453125,0,3.7333263496419042
2021-01-12,354.7299258581977,354.6175537109375,0,3.6581636302929796
2021-01-13,354.54273738594145,355.5726013183594,0,3.6998486911173076
2021-01-14,356.321485082723,354.3273010253906,0,3.4814881525473695
2021-01-15,352.6982961647385,351.74334716796875,0,3.0981364137443292
2021-01-19,354.2151100417509,354.5053405761719,0,3.4341136291545973
2021-01-20,356.80837306175,359.4111328125,0,4.015038604198838
2021-01-21,359.97282817862805,359.73876953125,0,3.9759552699806027
2021-01-22,357.8756827558788,358.46551513671875,0,3.80650993797013
2021-01-25,359.20518232955203,359.8792724609375,0,4.014806224543511
2021-01-26,360.8342310931091,359.3175354003906,0,4.27923836987321
2021-01-27,355.97513497117694,350.5356140136719,0,3.223137040982407
2021-01-28,352.361256685765,353.55029296875,0,4.372467027980342
2021-01-29,351.6777822754757,346.4723205566406,0,3.4529780308679343
2021-02-01,349.88960493835793,352.23956298828125,0,5.526139041899002
2021-02-02,355.4414359743466,357.22027587890625,0,7.383490517781874
2021-02-03,358.0535346100254,357.50115966796875,0,7.488007451739196
2021-02-04,358.54046551668864,361.56451416015625,0,8.699523255175098
2021-02-05,363.44635381760435,362.9875793457031,0,8.853227873140394
2021-02-08,364.4480583738054,365.6090087890625,0,9.240169191912509
2021-02-09,364.7663661814191,365.3655700683594,0,8.794192744044507
2021-02-10,367.1162863409958,365.20635986328125,0,8.605710025836894
2021-02-11,366.2925290321735,365.79632568359375,0,8.467670571989574
2021-02-12,364.991107606842,367.60321044921875,0,8.603670602526893
2021-02-16,368.83900406119835,367.28485107421875,0,8.205105576561296
2021-02-17,365.5246964296632,367.36907958984375,0,8.076469869998652
2021-02-18,364.7477141616512,365.8056640625,0,7.537207516635121
2021-02-19,367.06950298187,365.1595764160156,0,7.444903914674728
2021-02-22,362.3789770095808,362.35089111328125,0,6.610178687170445
2021-02-23,360.1320514093147,362.79095458984375,0,6.551799285742212
2021-02-24,361.69551651787236,366.78863525390625,0,7.572296995209904
2021-02-25,365.5153219179615,357.9505310058594,0,4.6316773668108375
2021-02-26,359.8417352144453,356.10614013671875,0,3.7452800408600746
2021-03-01,361.0026839459195,364.7382507324219,0,5.852408745390485
2021-03-02,364.962968622264,361.8921203613281,0,4.893666007739934
2021-03-03,361.1899119275304,357.09857177734375,0,3.3608948027608223
2021-03-04,356.9114279493684,352.6796569824219,0,2.0108556386212193
2021-03-05,356.1997572254868,359.1676330566406,0,3.2488685854433657
2021-03-08,360.13201819714425,357.3794860839844,0,2.701071623498209
2021-03-09,361.2460971636386,362.48193359375,0,3.6221813440424233
2021-03-10,364.84125139222533,364.7382507324219,0,3.9750267923720592
2021-03-11,367.2193686481361,368.43646240234375,0,4.630326569946128
2021-03-12,367.06951941078046,368.9326171875,0,4.662109800170566
2021-03-15,369.185367547899,371.13275146484375,0,4.997863082002958
2021-03-16,371.7506778939467,370.6646423339844,0,4.802309577295817
2021-03-17,369.37265796859043,371.9285888671875,0,4.955472034073239
2021-03-18,369.3258548274589,366.51715087890625,0,3.742750478708091
2021-03-19,366.21467340200024,365.8389587402344,0,3.480362500506626
2021-03-22,366.35561481385486,368.7602233886719,0,3.94420621431182
2021-03-23,368.1214151171721,365.8576965332031,0,3.2288793385463777
2021-03-24,367.2667027083642,363.9979248046875,0,2.6805360072844704
2021-03-25,362.55145301854907,366.045654296875,0,2.905965933317641
2021-03-26,367.2009100210331,371.94439697265625,0,3.869454403091593
2021-03-29,370.460351679942,371.756591796875,0,3.7052323675003267
2021-03-30,370.4790826789471,370.770263671875,0,3.398632103791022
2021-03-31,371.34329444071676,372.273193359375,0,3.5760298671372253
2021-04-01,374.2175182637231,376.2933654785156,0,4.22467604638778
2021-04-05,378.9704597031843,381.6944274902344,0,5.084362561622209
2021-04-06,381.1307984909578,381.46893310546875,0,4.967794805811719
2021-04-07,381.299921394875,381.91046142578125,0,5.000454240312142
2021-04-08,383.1691128780948,383.7232971191406,0,5.22590359362976
2021-04-09,383.6011597225974,386.5129699707031,0,5.570406505855736
2021-04-12,385.9117833685557,386.6538391113281,0,5.453475783144229
2021-04-13,386.5506077842819,387.79986572265625,0,5.4947835454956335
2021-04-14,387.77161411621876,386.47540283203125,0,5.125939896911093
2021-04-15,388.6264203401687,390.62713623046875,0,5.640365373214469
2021-04-16,391.9233370750753,391.9327392578125,0,5.686953224508749
2021-04-19,390.9934243141692,390.00714111328125,0,5.2410143349965
2021-04-20,388.786108082157,387.1517333984375,0,4.670641629320883
2021-04-21,386.53179186236076,390.81500244140625,0,5.187171020764591
2021-04-22,390.6458991018156,387.24560546875,0,4.512893539948031
2021-04-23,387.80921498913796,391.4443054199219,0,5.110973533175019
2021-04-26,392.10180949279464,392.261474609375,0,5.10739371535529
2021-04-27,392.5621494081892,392.1770324707031,0,5.072600996243204
2021-04-28,392.44941745458215,392.0643005371094,0,4.959347961893691
2021-04-29,394.80700209037826,394.5627746582031,0,5.235931159558749
2021-04-30,392.280291787345,391.9703063964844,0,4.705951780663215
2021-05-03,393.9710568804894,392.81573486328125,0,4.76225692806373
2021-05-04,390.8149698608731,390.39227294921875,0,4.299876210655603
2021-05-05,392.04543892919156,390.5143737792969,0,4.2841884558364995
2021-05-06,390.5895491108578,393.6329040527344,0,4.754190085869436
2021-05-07,394.4031187718038,396.49774169921875,0,5.142946355243981
2021-05-10,396.8547133936928,392.5715026855469,0,4.411956595385671
2021-05-11,388.0252911469242,389.0679016113281,0,3.7694343719912506
2021-05-12,386.26877132282095,380.8020324707031,0,2.226305981947502
2021-05-13,382.3613162554268,385.37646484375,0,2.932064827747342
2021-05-14,388.12859676699367,391.2940368652344,0,3.869810640311509
2021-05-17,390.1762242849031,390.2983093261719,0,3.623062959068489
2021-05-18,390.5613571651362,386.9356689453125,0,2.952693009145395
2021-05-19,382.2204444134808,385.9212646484375,0,2.677644146313507
2021-05-20,386.80415905405096,390.07293701171875,0,3.2919119457173363
2021-05-21,391.566445319186,389.75360107421875,0,3.189086389485085
2021-05-24,392.00790016927687,393.7268371582031,0,3.8506747538871138
2021-05-25,394.8163766164725,392.8532409667969,0,3.62203972362679
2021-05-26,393.4450323737221,393.6329040527344,0,3.693715185098588
2021-05-27,394.666128070574,393.83953857421875,0,3.725035740665059
2021-05-28,395.41761058220925,394.5440673828125,0,3.9799183657918666
2021-06-01,396.92040866786937,394.1964416503906,0,3.902963214330181
2021-06-02,394.8540168395476,394.8164367675781,0,4.072370200620053
2021-06-03,392.4869637913171,393.3511047363281,0,3.7309227336263366
2021-06-04,395.21095658307695,396.94866943359375,0,4.3692628414328265
2021-06-07,396.93922176181667,396.5635070800781,0,4.204367334610873
2021-06-08,397.42761744197645,396.64801025390625,0,4.13124405813545
2021-06-09,397.49343447474456,396.0563049316406,0,3.9184386338443318
2021-06-10,397.2867683935218,397.8973083496094,0,4.1797329869039315
2021-06-11,398.4515002184242,398.5548095703125,0,4.2175137385476145
2021-06-14,398.6675686055371,399.44720458984375,0,4.344395117511025
2021-06-15,399.5974838955145,398.71453857421875,0,4.166965711825578
2021-06-16,398.85539921615816,396.48834228515625,0,3.636390972690464
2021-06-17,396.0750937044504,396.35687255859375,0,3.5600276495298755
2021-06-18,393.0548234577296,391.0098876953125,0,2.411072049492646
2021-06-21,392.78150745768414,396.6075439453125,0,3.4428503653718154
2021-06-22,396.59812893618243,398.7278747558594,0,3.7551689647384188
2021-06-23,398.8033117406512,398.247314453125,0,3.5394144353585024
2021-06-24,400.40535045568936,400.6032409667969,0,3.9220101956821205
2021-06-25,401.35707608490594,402.0261535644531,0,4.127697936048665
2021-06-28,402.5539081945489,402.83660888671875,0,4.190580751419338
2021-06-29,403.22299566364563,403.0533752441406,0,4.165351277814276
2021-06-30,402.59164591168485,403.3926696777344,0,4.160099478578554
2021-07-01,404.1560276659593,405.6261291503906,0,4.538685622090128
2021-07-02,406.79467641000605,408.7265319824219,0,5.098036746568528
2021-07-06,408.7829877536855,407.9819641113281,0,4.947626692552762
2021-07-07,408.6699708381631,409.4238586425781,0,5.227981152780009
2021-07-08,404.0711049956696,406.0877990722656,0,4.554135848170726
2021-07-09,407.6050403295699,410.4227294921875,0,5.429292863983042
2021-07-12,410.33797169574194,411.89288330078125,0,5.819769278578971
2021-07-13,411.1012764391813,410.4887390136719,0,5.656874778646341
2021-07-14,412.19438410369895,411.1012268066406,0,5.844406297882025
2021-07-15,409.7536531786738,409.6971130371094,0,5.459038138419247
2021-07-16,410.88457314584525,406.4836730957031,0,4.71401467727728
2021-07-19,401.6303798104182,400.4806823730469,0,3.0697252185594763
2021-07-20,401.14978007232145,406.2197570800781,0,4.402466279016668
2021-07-21,407.4259674911037,409.50860595703125,0,5.244001316301656
2021-07-22,409.68766997892743,410.3661804199219,0,5.528156194367522
2021-07-23,412.30754604990295,414.5881042480469,0,6.640822664146851
2021-07-26,413.9944136251925,415.6058654785156,0,7.069854684606685
2021-07-27,414.55970913416786,413.7115783691406,0,6.548930251652778
2021-07-28,414.3430158827244,413.5419921875,0,6.561292588517229
2021-07-29,414.475013724892,415.2571716308594,0,6.9579021501424245
2021-07-30,412.674987348463,413.24041748046875,0,6.279303126519578
2021-08-02,414.96500286563423,412.37347412109375,0,6.063904536316306
2021-08-03,413.1744764060181,415.7283020019531,0,7.436795665710362
2021-08-04,414.43723730712765,413.683349609375,0,6.743061311215938
2021-08-05,414.85192797034676,416.3031921386719,0,7.464354038557485
2021-08-06,416.6234864661789,416.9909973144531,0,8.029818250165553
2021-08-09,416.96282626036293,416.65185546875,0,7.87859419125412
2021-08-10,417.104162412718,417.1701354980469,0,7.901416226256934
2021-08-11,418.2444290861454,418.20672607421875,0,8.07971419654408
2021-08-12,418.05598534711794,419.4601135253906,0,8.461529109038942
2021-08-13,419.91241967001224,420.2234191894531,0,8.801004980047281
2021-08-16,418.91346550776876,421.2128601074219,0,8.942650935525313
2021-08-17,418.6402397816341,418.4517822265625,0,7.740940289386706
2021-08-18,417.43393735105536,413.87176513671875,0,5.585943951899772
2021-08-19,411.1294846330788,414.5126037597656,0,5.457084341844666
2021-08-20,414.86130669230414,417.8109130859375,0,6.394739082790632
2021-08-23,419.50724526961505,421.4862365722656,0,7.50421561203188
2021-08-24,422.1553039550781,422.1553039550781,0,7.576429084251618
2021-08-25,422.3438205693488,423.0411682128906,0,7.736518137446966
2021-08-26,422.7583484188098,420.5437927246094,0,6.70455124677507
2021-08-27,421.3543194286165,424.303955078125,0,7.885095805861253
2021-08-30,424.98242980709495,426.1698303222656,0,8.329879856573687
2021-08-31,426.07555118277867,425.53839111328125,0,7.95324571546198
2021-09-01,426.4808008884569,425.76458740234375,0,7.878483783498406
2021-09-02,427.1970066348159,427.0744934082031,0,8.160405899698024
2021-09-03,425.9342062960515,426.9707946777344,0,7.959546394244872
2021-09-07,426.6221815219069,425.4442138671875,0,7.320050560210264
2021-09-08,424.9070356755649,424.9258728027344,0,7.029254930561773
2021-09-09,424.7279399672001,423.1070556640625,0,6.240968390436103
2021-09-10,425.0484188351165,419.7711181640625,0,4.838186433507972
2021-09-13,422.7867149843986,420.84539794921875,0,4.990783966488653
2021-09-14,422.29667068589487,418.5743103027344,0,4.200261198849465
2021-09-15,418.99834698875156,422.07049560546875,0,5.178306167223955
2021-09-16,421.54280911007726,421.4014587402344,0,4.738766768556736
2021-09-17,420.6243109675202,417.2965087890625,0,3.1376646932530385
2021-09-20,411.1325055507793,410.33837890625,0,0.8984597729913809
2021-09-21,412.6925319892991,409.9508972167969,0,0.6711217063788028
2021-09-22,412.2386394237889,413.9497985839844,0,1.3810594165887455
2021-09-23,415.8311930271532,418.9793395996094,0,2.2757733616717486
2021-09-24,417.3343722944831,419.66949462890625,0,2.3074312284762155
2021-09-27,418.6295117037704,418.46881103515625,0,1.9792111513403805
2021-09-28,415.67994840064347,410.03594970703125,0,0.3508599046070679
2021-09-29,411.4256559321468,410.72607421875,0,0.4198495673440189
2021-09-30,412.2103357165181,405.7060546875,0,-0.3852918394229969
2021-10-01,407.4455041184316,410.5274658203125,0,0.2902727154168292
2021-10-04,409.355268553824,405.2333679199219,0,-0.4691594739619761
2021-10-05,406.745868095158,409.44970703125,0,0.06090144035305539
2021-10-06,405.8288607796688,411.15142822265625,0,0.24995627490907577
2021-10-07,414.45090048622825,414.7061462402344,0,0.6636577418203271
2021-10-08,415.48135960268235,413.9497985839844,0,0.5273783905379651
2021-10-11,413.28800269717465,410.952880859375,0,0.12165296998448127
2021-10-12,411.87941835123945,409.94134521484375,0,-0.023495035424444276
2021-10-13,410.9718018108781,411.4161376953125,0,0.12083962596248159
2021-10-14,415.10313856511425,418.3363952636719,0,0.8811617257711937
2021-10-15,420.4635947300898,421.5224304199219,0,1.2142308285305186
2021-10-18,419.7261881983604,422.7703552246094,0,1.3373735760588485
2021-10-19,424.4059050519018,426.031982421875,0,1.699499835465376
2021-10-20,426.495159314414,427.70526123046875,0,1.8719482391202718
2021-10-21,427.1001786235738,428.82080078125,0,1.9762848937675126
2021-10-22,428.3859280059555,428.37646484375,0,1.9023535880906277
2021-10-25,429.4731892382675,430.673828125,0,2.1418472486924736
2021-10-26,432.2337083526217,431.0614013671875,0,2.1518578469289515
2021-10-27,431.52467924143804,429.1517333984375,0,1.8981193348223993
2021-10-28,430.5887630831377,433.2926025390625,0,2.3599002252958843
2021-10-29,430.9763501363649,434.1717834472656,0,2.4307069986897107
2021-11-01,435.1644227185032,434.91864013671875,0,2.4870415002194206
2021-11-02,435.08877911299237,436.6770324707031,0,2.656527153937488
2021-11-03,436.10979125304044,439.3430480957031,0,2.9207466087427303
2021-11-04,439.94813651016415,441.41351318359375,0,3.0962541100619316
2021-11-05,443.65405211613967,442.94500732421875,0,3.1948934604191517
2021-11-08,444.0511523068338,443.32318115234375,0,3.15660336450011
2021-11-09,443.6918834712675,441.8578186035156,0,2.9150057718083056
2021-11-10,440.1561240915625,438.30316162109375,0,2.442119955193657
2021-11-11,439.8063146570788,438.4449462890625,0,2.401722560884727
2021-11-12,439.7212557199241,441.75384521484375,0,2.717333372661861
2021-11-15,443.0490673537616,441.9051208496094,0,2.6692668764094494
2021-11-16,441.640330527274,443.6540222167969,0,2.8098580939200035
2021-11-17,443.38937922603975,442.57635498046875,0,2.634155948932302
2021-11-18,443.6162360667805,444.0794982910156,0,2.751843105748086
2021-11-19,443.9660557499497,443.285400390625,0,2.601845783360252
2021-11-22,445.17618772216497,442.0374755859375,0,2.423050729589311
2021-11-23,441.70659418804007,442.6236267089844,0,2.4639310342322625
2021-11-24,440.6098951527455,443.8053283691406,0,2.5635149142940095
2021-11-26,437.093044118014,433.9070739746094,0,1.3989418014771162
2021-11-29,438.7285875810218,439.2296447753906,0,2.000493841838234
2021-11-30,436.77165354014227,430.6833190917969,0,0.9753263120592279
2021-12-01,436.43129028942224,425.89959716796875,0,0.3893854239692014
2021-12-02,426.117034818409,432.42279052734375,0,1.1356594031161145
2021-12-03,434.09619753225604,428.6601867675781,0,0.6675331720343203
2021-12-06,431.2221588535667,433.7369079589844,0,1.2357206851119058
2021-12-07,439.0500125226499,442.70867919921875,0,2.240474617816662
2021-12-08,443.1057809890792,443.8809814453125,0,2.3158229653651756
2021-12-09,442.58579034068646,440.88409423828125,0,1.9254468249394383
2021-12-10,443.60686917300444,445.0343933105469,0,2.35616265041894
2021-12-13,444.5143592307718,441.092041015625,0,1.8634556293442381
2021-12-14,437.8021272729205,438.057373046875,0,1.50120558103194
2021-12-15,438.11415248302325,444.9020690917969,0,2.2934236603724862
2021-12-16,446.764500879438,440.97869873046875,0,1.8068053014719643
2021-12-17,437.87908090479016,436.2852478027344,0,1.218381108115312
2021-12-20,431.1718523831845,431.6462097167969,0,0.64059912726238
2021-12-21,435.08985525275295,439.3116455078125,0,1.5172777498170722
2021-12-22,439.05558943102193,443.70428466796875,0,2.034189151114867
2021-12-23,444.7099297265655,446.4650573730469,0,2.3638261169795123
2021-12-27,447.8501509520467,452.7834777832031,0,3.1664881945808783
2021-12-28,453.219895788075,452.4134826660156,0,3.1120085944800393
2021-12-29,452.51783027343856,452.9921875,0,3.269710165341849
2021-12-30,453.4191129196159,451.7398986816406,0,3.1502617040959833
2021-12-31,451.2466188686037,450.6014709472656,0,3.0384146534418695
2022-01-03,451.87269728644833,453.21038818359375,0,3.400908464432932
2022-01-04,454.6429596895945,453.05859375,0,3.404993721491843
2022-01-05,452.6886607608163,444.35894775390625,0,2.212937456169901
2022-01-06,443.89401262662926,443.9414367675781,0,2.253415572497637
2022-01-07,443.950903088569,442.186279296875,0,2.045553070958166
2022-01-10,438.97022289575784,441.6361083984375,0,1.9309144388123256
2022-01-11,441.37042108781833,445.6585998535156,0,2.6083181147848586
2022-01-12,447.4042385339527,446.86346435546875,0,2.796714015622241
2022-01-13,447.9734856231748,440.7063293457031,0,1.6371070954198639
2022-01-14,437.5376357053383,440.8865966796875,0,1.6068120172793892
2022-01-18,436.1619964519161,433.07867431640625,0,0.23032391430183488
2022-01-19,434.6345285203454,428.58172607421875,0,-0.4677792966278341
2022-01-20,430.47919718993734,423.83819580078125,0,-1.0543163149974744
2022-01-21,422.709279903387,415.5180358886719,1,-1.8701567943606343
2022-01-24,409.87310468129533,417.2825622558594,1,-1.504843638975531
2022-01-25,410.85035820452066,412.18804931640625,1,-1.8324231507679352
2022-01-26,418.11749222985185,411.1539306640625,1,-1.7603048694139518
2022-01-27,415.78355891834144,409.1235656738281,1,-1.7811681854544412
2022-01-28,410.48982106609395,419.284423828125,0,-0.9223202063376404
2022-01-31,418.6107536054704,426.83612060546875,0,-0.32654436831317896
2022-02-01,427.56664491170966,429.7202453613281,0,-0.10671473542776504
2022-02-02,432.1394950236697,433.8946228027344,0,0.20852085960613
2022-02-03,427.8228677399466,423.6959533691406,0,-0.5879206853372556
2022-02-04,423.45871706931956,425.6882019042969,0,-0.43633131474858516
2022-02-07,426.4566596041501,424.3220520019531,0,-0.5378614650453656
2022-02-08,423.81927422202017,427.8133544921875,0,-0.2745163522116845
2022-02-09,431.8738349332814,434.0748596191406,0,0.19063812775382305
2022-02-10,428.1927598797252,426.2763671875,0,-0.41813861167566635
2022-02-11,426.3617950929856,417.87078857421875,0,-1.0519785840089
2022-02-14,417.3584437426426,416.50457763671875,0,-1.13805088463544
2022-02-15,420.97310881351615,423.2215576171875,0,-0.6429197290932586
2022-02-16,421.16287260489605,423.6959533691406,0,-0.6108619464920054
2022-02-17,420.48928807346897,414.64520263671875,1,-1.2584400686607373
2022-02-18,414.90128833944823,411.9602966308594,1,-1.4281969616285424
2022-02-22,409.7402699288397,407.53924560546875,0,-1.6998155723710147
2022-02-23,410.47081315382513,400.3100891113281,0,-2.0964889473855592
2022-02-24,389.94065539045334,406.3344421386719,0,-1.6517468024138686
2022-02-25,407.57725415946004,415.2998046875,0,-1.0627555846118357
2022-02-28,409.87318107467814,414.2372741699219,0,-1.117746090645068
2022-03-01,412.7287151395802,407.92822265625,0,-1.4825598320985516
2022-03-02,410.1956342149501,415.43255615234375,0,-1.008508808881369
2022-03-03,417.8803009442285,413.3644104003906,0,-1.123527440646825
2022-03-04,409.60744761780074,410.00592041015625,0,-1.319028645515631
2022-03-07,409.4177265078582,397.9193115234375,0,-1.9942156960608755
2022-03-08,398.09956797048136,394.90240478515625,0,-2.10218592243941
2022-03-09,403.33654057684396,405.4901123046875,0,-1.484029187325647
2022-03-10,400.8508418393446,403.6590576171875,0,-1.565699910852185
2022-03-11,406.1636601649212,398.5265197753906,0,-1.8129601536489421
2022-03-14,399.3044659961506,395.61395263671875,0,-1.93676646636746
2022-03-15,398.24189393851697,404.3136901855469,0,-1.4421528588158636
2022-03-16,407.8428763300329,413.27899169921875,0,-0.9428301074410046
2022-03-17,411.3530988315118,418.4494934082031,0,-0.6535384167560715
2022-03-18,416.8278599709145,423.0326843261719,0,-0.3995453332687059
2022-03-21,422.861426581251,422.9090270996094,0,-0.4077909432742877
2022-03-22,424.30789617875917,427.85760498046875,0,-0.12913450932330497
2022-03-23,425.3071562898667,422.34747314453125,0,-0.45446343133595996
2022-03-24,424.3840617920597,428.714111328125,0,-0.07473712932820051
2022-03-25,429.3516980118797,430.8077392578125,0,0.05814222091743019
2022-03-28,430.20822763767796,433.87213134765625,0,0.2619495049902055
2022-03-29,437.7834909448163,439.2395324707031,0,0.626438475125187
2022-03-30,438.087962350393,436.5272521972656,0,0.4634845730620236
2022-03-31,435.75635685564805,429.8084716796875,0,0.00912390812433452
2022-04-01,431.3977748168988,431.0266418457031,0,0.10783930348536142
2022-04-04,431.2264729825929,434.71905517578125,0,0.390384200824611
2022-04-05,433.21546187171003,429.2279968261719,0,-0.012812937335594155
2022-04-06,425.2881744333534,424.93603515625,0,-0.3357157080959531
2022-04-07,424.0509322452038,427.07720947265625,0,-0.16293212631093254
2022-04-08,426.3159311224342,425.9352722167969,0,-0.25033854989019183
2022-04-11,422.6425267311873,418.65509033203125,0,-0.8541890622120254
2022-04-12,421.6622903518392,417.1038513183594,0,-0.99097811905161
2022-04-13,416.8564821766872,421.8812561035156,0,-0.5595596287872241
2022-04-14,422.1095733763251,416.6280212402344,0,-1.0041642957884307
2022-04-18,415.6953852419046,416.79931640625,0,-0.9676084823123406
2022-04-19,416.6946639213882,423.5276184082031,0,-0.3529159721075598
2022-04-20,425.31672508479323,423.2135314941406,0,-0.36127412422312527
2022-04-21,426.85834319406854,416.8849182128906,0,-0.9075287089700831
2022-04-22,415.7905112627951,405.4459533691406,0,-1.8867700525735938
2022-04-25,403.1905607924802,407.7966003417969,0,-1.665140689930817
2022-04-26,405.2461314379784,395.9864807128906,0,-2.625130770330805
2022-04-27,397.0713963734507,397.0999450683594,0,-2.46280149509205
2022-04-28,401.87723932701624,407.1304016113281,0,-1.595145435089784
2022-04-29,403.11438099832225,392.0846252441406,0,-2.819022448651266
2022-05-02,392.15128527586165,394.4447937011719,0,-2.537236019978333
2022-05-03,394.9491577184404,396.2529296875,0,-2.3261114332218282
2022-05-04,396.91902923710205,408.3199462890625,0,-1.302746013905058
2022-05-05,404.0280289717598,393.80718994140625,0,-2.446664558131208
2022-05-06,391.2282144405792,391.45660400390625,0,-2.6004351359489513
2022-05-09,385.518165433874,378.92315673828125,0,-3.4479559403534226
2022-05-10,384.93764305975515,379.7986755371094,0,-3.2121613916539746
2022-05-11,378.82804584961303,373.76519775390625,0,-3.460835415281164
2022-05-12,370.5485631948546,373.375,0,-3.3183896620611337
2022-05-13,377.5337097177252,382.3015441894531,0,-2.6188131209729297
2022-05-16,380.64572786244787,380.7503967285156,0,-2.639690843992745
2022-05-17,386.8790673085307,388.5825500488281,0,-2.05509754448721
2022-05-18,383.99553976537305,372.9181823730469,0,-2.9907405715929545
2022-05-19,369.8347933871943,370.6341857910156,0,-3.0191537662917716
2022-05-20,374.24100104281246,370.7959899902344,0,-2.887867212227583
2022-05-23,373.841289765687,377.7336120605469,0,-2.3741671834240075
2022-05-24,373.58434072550426,374.8500671386719,0,-2.472831012854757
2022-05-25,373.34648871878306,378.1618957519531,0,-2.2066064190464214
2022-05-26,379.3989987255613,385.718017578125,0,-1.700261799431784
2022-05-27,388.1923529916757,395.18707275390625,0,-1.0858965693232765
2022-05-31,393.5596911446426,392.96966552734375,0,-1.1901115152539103
2022-06-01,395.10142659215165,389.7911376953125,0,-1.359312765599669
2022-06-02,389.62936602742064,397.214111328125,0,-0.8824143076559857
2022-06-03,392.46532850855317,390.69525146484375,0,-1.2566681075265673
2022-06-06,394.7302554523043,391.8847961425781,0,-1.1519260733826693
2022-06-07,388.37317895254336,395.64385986328125,0,-0.8906395548017788
2022-06-08,393.9213414033141,391.34234619140625,0,-1.1386754622598503
2022-06-09,389.5532483489374,382.0351257324219,0,-1.68816172597701
2022-06-10,375.7922528685387,370.9577941894531,0,-2.3218726808439656
2022-06-13,361.4887653177604,356.8731994628906,0,-3.064914151745516
2022-06-14,358.63375313073595,355.79779052734375,0,-3.0163013819727897
2022-06-15,359.11909489488215,360.87017822265625,0,-2.6513597342420323
2022-06-16,352.6002796069905,348.9268493652344,0,-3.2306514834442916
2022-06-17,349.3444579970193,349.678955078125,0,-3.0801524820245434
2022-06-21,355.4422786152375,358.48162841796875,0,-2.5579540886391734
2022-06-22,354.22853525142534,357.8318176269531,0,-2.574576607039125
2022-06-23,359.98226603738334,361.3394470214844,0,-2.379837440869611
2022-06-24,364.5317193914882,372.82781982421875,0,-1.7559221828269516
2022-06-27,373.7548483390885,371.4036560058594,0,-1.8634660624178332
2022-06-28,372.97119937117327,363.81488037109375,0,-2.3242684159103115
2022-06-29,364.3692369086249,363.5185852050781,0,-2.361873092942514
2022-06-30,359.59987639746896,360.5652160644531,0,-2.5944646278439465
2022-07-01,359.9057446860557,364.3787536621094,0,-2.3733870614041774
2022-07-05,359.2558700143146,365.06695556640625,0,-2.339448963813666
2022-07-06,365.21030133498977,366.2998962402344,0,-2.2789974416660925
2022-07-07,368.0872052988535,371.7860412597656,0,-1.9099846025988718
2022-07-08,370.1421193637249,371.480224609375,0,-1.9338787898712644
2022-07-11,368.7849807379647,367.23663330078125,0,-2.2554012388556455
2022-07-12,366.68216325527555,363.98687744140625,0,-2.5360637027686517
2022-07-13,358.5103345071684,362.0753479003906,0,-2.696002403015396
2022-07-14,357.0861446938998,361.19598388671875,0,-2.791760749831779
2022-07-15,365.6308611618828,368.0967712402344,0,-2.291039148143924
2022-07-18,371.2029841475732,365.057373046875,0,-2.655660461724988
2022-07-19,369.0046938859575,374.9209289550781,0,-1.775166753507293
2022-07-20,375.1120983112102,377.31036376953125,0,-1.5097659057340158
2022-07-21,376.727385963775,381.1526184082031,0,-1.1056317670589162
2022-07-22,381.27686731647964,377.6162414550781,0,-1.365241809856673
2022-07-25,378.2470442919547,378.07501220703125,0,-1.2719114227204538
2022-07-26,376.4215015974913,373.60198974609375,0,-1.6254322783765007
2022-07-27,376.9185466448507,383.3031311035156,0,-0.7282753050694937
2022-07-28,384.1154731425541,388.110595703125,0,-0.2915398222564829
2022-07-29,389.5538375765942,393.768798828125,0,0.15774622868976204
2022-08-01,391.0543447397619,392.6026916503906,0,0.06832122571362789
2022-08-02,391.0257204834817,390.0126037597656,0,-0.10602783262926695
2022-08-03,392.15354541069905,396.1200256347656,0,0.3147460125908091
2022-08-04,396.0435540435376,395.8524169921875,0,0.2883552025051709
2022-08-05,391.5418578620573,395.183349609375,0,0.23794044705279557
2022-08-08,396.88460392248317,394.72454833984375,0,0.21094123185998062
2022-08-09,393.98868323542905,393.15716552734375,0,0.12475063629075425
2022-08-10,400.25847076574513,401.4149475097656,0,0.6157793586274222
2022-08-11,404.28226547098006,401.4149475097656,0,0.6089080574014254
2022-08-12,403.36479616220043,408.2105712890625,0,0.959526943471185
2022-08-15,405.98353257442744,409.89263916015625,0,1.025838307023181
2022-08-16,408.8126831825494,410.695556640625,0,1.0440317184065375
2022-08-17,407.0731330801501,407.7803955078125,0,0.8874570347334312
2022-08-18,407.981193666437,408.9656677246094,0,0.933371672818237
2022-08-19,406.1843006902469,403.46990966796875,0,0.6706074224728743
2022-08-22,398.6050369487149,395.0686950683594,0,0.28546986712809974
2022-08-23,394.6384867305661,394.1128234863281,0,0.25774919470261554
2022-08-24,393.8835098518886,395.3745422363281,0,0.3302257997494284
2022-08-25,396.8750392546362,400.9562072753906,0,0.5965133136060332
2022-08-26,400.8415117585344,387.38421630859375,0,-0.008344915137600219
2022-08-29,384.41174817439423,384.8227233886719,0,-0.10534878678152959
2022-08-30,385.9888080755094,380.5982360839844,0,-0.2782108228297876
2022-08-31,382.24216021191813,377.7022399902344,0,-0.3878052002563482
2022-09-01,375.5135442426701,378.8874206542969,0,-0.31168423407560364
2022-09-02,382.57666244902407,374.8922424316406,0,-0.4739341183731109
2022-09-06,375.74296003915873,373.477783203125,0,-0.5196132962447252
2022-09-07,373.1622908671721,380.1872253417969,0,-0.19502572167538654
2022-09-08,377.90297537104567,382.6722717285156,0,-0.06636426463325884
2022-09-09,384.92788969317974,388.6171875,0,0.23112872945551818
2022-09-12,390.7007398556543,392.79388427734375,0,0.45169675846372076
2022-09-13,384.05814113527435,375.7142639160156,0,-0.36996222154409436
2022-09-14,377.0236635815182,377.1479187011719,0,-0.2897467370310678
2022-09-15,375.58048018309097,372.8660888671875,0,-0.5150554751642364
2022-09-16,368.6587588212413,370.0215148925781,0,-0.6727837570351546
2022-09-19,366.8544162220068,372.8908996582031,0,-0.5128294137952538
2022-09-20,369.54159620952,368.6106872558594,0,-0.7553780499225052
2022-09-21,370.5493012990479,362.1807556152344,0,-1.12172459647791
2022-09-22,361.4033946062657,359.1385192871094,0,-1.311762685129196
2022-09-23,355.6451992816999,353.1212158203125,0,-1.6807377892523814
2022-09-26,351.64318060962586,349.6278076171875,0,-1.9010771138645843
2022-09-27,353.1883078184798,348.7353210449219,0,-1.9358733823634646
2022-09-28,349.69505666919423,355.5971984863281,0,-1.4983735496956778
2022-09-29,352.02710696802205,348.16912841796875,0,-1.9569236667080574
2022-09-30,347.2190211447666,342.78521728515625,0,-2.24881839096126
2022-10-03,346.52807125106926,351.835205078125,0,-1.6525221037081983
2022-10-04,357.39183624328564,362.73736572265625,0,-0.9634688040019321
2022-10-05,358.3419542263479,361.892822265625,0,-1.0317152830591814
2022-10-06,360.48212307925735,358.15966796875,0,-1.2903869737263554
2022-10-07,354.10005984627946,348.16912841796875,0,-1.9639753256054777
2022-10-10,349.29198855289724,345.5107727050781,0,-2.1001068615902425
2022-10-11,343.80251178568085,343.3226623535156,0,-2.2130639693434833
2022-10-12,343.73537708190366,342.19024658203125,0,-2.221882000171914
2022-10-13,335.1364744528262,351.2210388183594,0,-1.6008228928774417
2022-10-14,353.69696557018295,343.2170715332031,0,-2.0580303545912324
2022-10-17,349.339991708104,352.0367431640625,0,-1.4693029088557303
2022-10-18,360.0118300225015,356.17303466796875,0,-1.1889777137751876
2022-10-19,354.119260386603,353.6490173339844,0,-1.3263678814444704
2022-10-20,353.1979388180783,350.68353271484375,0,-1.4739192928697653
2022-10-21,350.40526696150266,359.2057189941406,0,-0.9163442936158639
2022-10-24,360.7412208592873,363.6011047363281,0,-0.6260206351936419
2022-10-25,363.52435909830035,369.4073181152344,0,-0.24313126555093276
2022-10-26,366.2403023095351,366.6241760253906,0,-0.40431435514395264
2022-10-27,367.63187855211686,364.6664123535156,0,-0.5140107640865273
2022-10-28,364.56077247986815,373.3420104980469,0,0.052404516848733304
2022-10-31,370.866004938443,370.645263671875,0,-0.10687899088100955
2022-11-01,374.4168774236667,369.0233459472656,0,-0.20327471988073956
2022-11-02,368.4283779164603,359.7622985839844,0,-0.7949051606787972
2022-11-03,356.4993145757821,356.057861328125,0,-1.046717556894383
2022-11-04,361.8064766351798,361.18267822265625,0,-0.7262212978134174
2022-11-07,362.48782800001794,364.6375732421875,0,-0.5142523874387918
2022-11-08,365.75080394162677,366.6049499511719,0,-0.4062558232942133
2022-11-09,364.6183344707511,359.0520935058594,0,-0.9914402033346144
2022-11-10,372.4111244405357,378.7835388183594,0,0.4682465044001098
2022-11-11,379.64728182249047,382.4496154785156,0,0.7468308664835726
2022-11-14,380.6741725469347,379.19622802734375,0,0.4877624594731642
2022-11-15,384.9832226080752,382.430419921875,0,0.7319037916602411
2022-11-16,380.7892648554877,379.51287841796875,0,0.4946431499953318
2022-11-17,374.72402390359406,378.3516845703125,0,0.39329096647904677
2022-11-18,381.71062645898184,380.0695495605469,0,0.5237102241594075
2022-11-21,378.73553302822825,378.6875305175781,0,0.3951405548442179
2022-11-22,380.64539486651256,383.7835998535156,0,0.7697959370213795
2022-11-23,383.44763574995926,386.2019958496094,0,0.9173785546198426
2022-11-25,385.63581215112174,386.11566162109375,0,0.8737685148959051
2022-11-28,383.00618078001384,379.954345703125,0,0.40628726262747816
2022-11-29,380.08868855024457,379.3017578125,0,0.34895941714242884
2022-11-30,379.5512692776583,391.25,0,1.160739043927137
2022-12-01,392.29606325446656,390.96209716796875,0,1.0927718248074478
2022-12-02,386.0389077180575,390.5111083984375,0,1.0203833479174516
2022-12-05,387.6703247610148,383.48602294921875,0,0.5327728918973528
2022-12-06,383.3229642944105,377.9582214355469,0,0.158542688760492
2022-12-07,377.1040811388482,377.3152160644531,0,0.1065515669059554
2022-12-08,379.2154422730792,380.2710876464844,0,0.2989605376432077
2022-12-09,379.02349312314146,377.4303894042969,0,0.10939206193945313
2022-12-12,378.2268584712284,382.871826171875,0,0.4645064664361166
2022-12-13,393.6876258407521,385.7701110839844,0,0.641480429992639
2022-12-14,385.42469854677717,383.30377197265625,0,0.47438755268346194
2022-12-15,378.40929861727415,373.9275207519531,0,-0.12942280710229626
2022-12-16,371.35420164222893,369.51275634765625,0,-0.408094731808929
2022-12-19,369.7056321640907,366.37945556640625,0,-0.6058824529881993
2022-12-20,365.61788302748334,366.880859375,0,-0.5662689029696428
2022-12-21,369.4935011182456,372.3665466308594,0,-0.18810457755184354
2022-12-22,369.3007053164615,367.0543518066406,0,-0.5431306806064697
2022-12-23,366.02271650889764,369.16571044921875,0,-0.3871955213186625
2022-12-27,369.05008217572487,367.7099609375,0,-0.4895541580563463
2022-12-28,367.6424021681675,363.1400451660156,0,-0.819151150444659
2022-12-29,366.00348658061273,369.6767272949219,0,-0.30893491931887346
2022-12-30,366.9772745963993,368.7030029296875,0,-0.3662483312222235
2023-01-03,370.5733204614803,367.1507568359375,0,-0.4631509240944171
2023-01-04,369.42603168461426,369.9852294921875,0,-0.22773657958118695
2023-01-05,368.0184244337619,365.7624206542969,0,-0.5511190632120745
2023-01-06,368.8764868554091,374.150146484375,0,0.1808134314267006
2023-01-09,376.358025641022,373.9381103515625,0,0.2071443501302672
2023-01-10,373.34999574169683,376.5604553222656,0,0.49551499291998147
2023-01-11,378.15126344384413,381.3231506347656,0,1.0453337065704296
2023-01-12,382.4318562863919,382.71142578125,0,1.2454698261275614
2023-01-13,379.49135605479535,384.1961975097656,-1,1.4334406309606813
2023-01-17,384.1769069380138,383.49237060546875,-1,1.4089128381506166
2023-01-18,384.6879313970772,377.4378356933594,0,0.8086418666269314
2023-01-19,375.38419135399994,374.6900634765625,0,0.5330767112213556
2023-01-20,376.0976362933487,381.670166015625,-1,1.3830242740748928
2023-01-23,382.4800075572186,386.2496643066406,-1,1.8935663571321075
2023-01-24,384.56254777187587,385.8351745605469,-1,1.8153749985587486
2023-01-25,381.73767698475314,385.979736328125,-1,1.8100299321602715
2023-01-26,388.65992475714745,390.2217712402344,0,2.218137175517246
2023-01-27,389.170955572596,391.1184387207031,0,2.2357751178506873
2023-01-30,388.3417860843798,386.21112060546875,0,1.6703806467792703
2023-01-31,386.73173790968514,391.88970947265625,0,2.265411354973023
2023-02-01,390.66536921253794,396.0547180175781,0,2.7012875682823867
2023-02-02,399.9689416508841,401.8200378417969,0,3.1906231060982306
2023-02-03,396.8163119079325,397.5490417480469,0,2.683768273355581
2023-02-06,395.0809942986248,395.1195373535156,0,2.3852983642602585
2023-02-07,394.1939233014278,400.2870788574219,0,2.868397244981564
2023-02-08,398.3010578170527,395.9100646972656,0,2.354090566192605
2023-02-09,399.535106072918,392.47784423828125,0,1.971701256957675
2023-02-10,391.29199514840457,393.3937683105469,0,2.013607078696492
2023-02-13,394.04934933017915,398.0118103027344,0,2.3724158642706734
2023-02-14,396.4788416851024,397.82861328125,0,2.2784393981303914
2023-02-15,395.62080529265984,399.1205139160156,0,2.31586023127789
2023-02-16,394.1168254524312,393.6251220703125,0,1.7732857387672798
2023-02-17,391.48478494487125,392.6417236328125,0,1.640380432295223
2023-02-21,388.59248537293524,384.7649841308594,0,0.9097354140407217
2023-02-22,385.17954608304234,384.2347412109375,0,0.8376801823341147
2023-02-23,387.1463453922965,386.2786560058594,0,0.9854129378962138
2023-02-24,381.22665800318157,382.1521911621094,0,0.5845132871684791
2023-02-27,385.51699810542783,383.4538269042969,0,0.6728313231848285
2023-02-28,382.97180501259515,382.03662109375,0,0.531051115034359
2023-03-01,381.2171003443828,380.5711364746094,0,0.3843248636755128
2023-03-02,378.5850469951666,383.5309143066406,0,0.6272932261052283
2023-03-03,385.3627410015129,389.68194580078125,0,1.1394646412023608
2023-03-06,390.5110421970763,389.9518737792969,0,1.1265231013415569
2023-03-07,389.903700784494,383.97442626953125,0,0.5564231160719815
2023-03-08,384.0901298311711,384.6011047363281,0,0.5752183198195672
2023-03-09,385.3916270787408,377.5052490234375,0,-0.08672868911926729
2023-03-10,376.95571949761853,372.0580749511719,0,-0.5912946768876832
2023-03-13,368.105298123534,371.5278625488281,0,-0.6440200739980902
2023-03-14,376.48332868372586,377.669189453125,0,-0.12931960526836345
2023-03-15,372.0387345770619,375.3070373535156,0,-0.3503987676995555
2023-03-16,372.93538568701246,381.89190673828125,0,0.19051028144287704
2023-03-17,380.5525318171182,377.42657470703125,0,-0.21600082138514554
2023-03-20,378.21055548113986,381.05584716796875,0,0.08941230146428429
2023-03-21,384.4430201853183,386.0592346191406,0,0.5265049594936971
2023-03-22,385.88506587163084,379.4783020019531,0,-0.07975109828865316
2023-03-23,382.36228158334836,380.504150390625,0,-0.00046895691332759533
2023-03-24,379.21699347990887,383.00103759765625,0,0.2243800557628939
2023-03-27,385.2946884069106,383.7171936035156,0,0.28737824397872475
2023-03-28,383.02034190733,382.8558349609375,0,0.19300500793801562
2023-03-29,387.0463557015899,388.4206237792969,0,0.719563218824468
2023-03-30,391.0723977537644,390.6949768066406,0,0.9311780374008062
2023-03-31,391.6239946355286,396.2016296386719,0,1.4748219787346977
2023-04-03,395.67900979148783,397.71136474609375,0,1.6379785145144379
2023-04-04,398.3597706211495,395.50482177734375,0,1.3847156723532552
2023-04-05,394.7693409413385,394.4693298339844,0,1.2466786540948025
2023-04-06,393.6660336312441,396.0080871582031,0,1.3979500873935191
2023-04-10,393.5111946745305,396.41455078125,0,1.4263977094643876
2023-04-11,397.0435778699673,396.5209655761719,0,1.4188241633711098
2023-04-12,398.60173214018494,394.90478515625,0,1.232188533195085
2023-04-13,395.99836992157907,400.1501770019531,0,1.7698226630690683
2023-04-14,399.51146026504716,399.1727294921875,0,1.6439861287092068
2023-04-17,399.08558112292343,400.6050109863281,0,1.7811263120461451
2023-04-18,402.19225535441177,400.86639404296875,0,1.781633798415448
2023-04-19,398.94042337238926,400.798583984375,0,1.7556274357413797
2023-04-20,397.9630209904145,398.6114501953125,0,1.5086679877259248
2023-04-21,398.91142475652856,398.9211120605469,0,1.5294643408813586
2023-04-24,398.71785299244885,399.3372497558594,0,1.5619302278339706
2023-04-25,397.35329455714714,392.9982604980469,0,0.866733181809729
2023-04-26,393.61766803712607,391.33367919921875,0,0.6845852384772202
2023-04-27,393.888697085679,399.1244201660156,0,1.5360334299240341
2023-04-28,398.23397560047187,402.53094482421875,0,1.9268469481808699
2023-05-01,402.08576151935387,402.1244812011719,0,1.9338218633163187
2023-05-02,401.40830867309586,397.60491943359375,0,1.4269703689591
2023-05-03,398.10816242391894,394.8757629394531,0,1.1037909746179482
2023-05-04,393.82088977507607,392.0788879394531,0,0.7813299855532677
2023-05-05,395.7370872883095,399.3372497558594,0,1.7180644126373863
2023-05-08,399.6662963196533,399.4436950683594,0,1.735506133885014
2023-05-09,397.88558548039083,397.6920166015625,0,1.5172544036078637
2023-05-10,400.5470191794702,399.5502014160156,0,1.8138962178757803
2023-05-11,398.6791382659853,398.85333251953125,0,1.7512021686338255
2023-05-12,400.1018131563713,398.33074951171875,0,1.7200518955196593
2023-05-15,398.9404888907035,399.7050476074219,0,1.9221691917935286
2023-05-16,398.59205576699367,397.033935546875,0,1.485149203272293
2023-05-17,399.0662891323237,401.853515625,0,2.198240141919883
2023-05-18,401.5341432279205,405.72467041015625,0,2.7120851674847843
2023-05-19,406.6343929092007,405.1343078613281,0,2.5367794898102867
2023-05-22,405.153666231854,405.298828125,0,2.4820114905092217
2023-05-23,403.6438514976209,400.75018310546875,0,1.7235819305722264
2023-05-24,399.1340338050808,397.84686279296875,0,1.2358371758150035
2023-05-25,401.3792724272558,401.29217529296875,0,1.7242238537530408
2023-05-26,401.9502508937604,406.4891662597656,0,2.4498981005148215
2023-05-30,408.43439047671427,406.64398193359375,0,2.4039071697954593
2023-05-31,404.8052397175947,404.38909912109375,0,1.9989167862490924
2023-06-01,404.6213211330253,408.2311706542969,0,2.515849482618175
2023-06-02,410.82489609425363,414.1347351074219,0,3.2641687781222535
2023-06-05,414.483074501714,413.3410949707031,0,3.0977968222262
2023-06-06,412.9249456212799,414.2411193847656,0,3.2949365699475335
2023-06-07,414.6379357642491,412.8088073730469,0,3.204008656082836
2023-06-08,412.87657445833014,415.30572509765625,0,3.6063033656057066
2023-06-09,416.10896807677756,416.0509033203125,0,3.8045286248076398
2023-06-12,417.0380594592685,419.82525634765625,0,4.294124209214837
2023-06-13,421.2963108690726,422.5931396484375,0,4.675905436904447
2023-06-14,422.9318980541187,423.0964050292969,0,4.614782811457284
2023-06-15,422.273733813195,428.3417663574219,0,5.062939515203089
2023-06-16,430.34089350841384,426.8827819824219,0,4.72171057403514
2023-06-20,424.9303214367884,424.66802978515625,0,4.349274690598409
2023-06-21,423.6772115504447,422.49212646484375,0,4.003299600649917
2023-06-22,421.5304807898792,424.0172119140625,0,4.206901275040252
2023-06-23,420.5395992177212,420.81158447265625,0,3.7613690042152785
2023-06-26,420.23850670307553,419.09228515625,0,3.4824649303742814
2023-06-27,419.97627089139985,423.68695068359375,0,4.1454033394078165
2023-06-28,422.5989591645144,423.900634765625,0,4.074870241066374
2023-06-29,423.48291903838407,425.5713806152344,0,4.200860884733276
2023-06-30,428.8061086850334,430.59344482421875,0,4.730434847730887
2023-07-03,430.2437406205391,431.0888366699219,0,4.605886298453602
2023-07-05,429.2626383296677,430.4477233886719,0,4.348574334314484
2023-07-06,426.8439351040163,427.0770568847656,0,3.7898575461621813
2023-07-07,426.07650631442175,425.998779296875,0,3.5764317752875336
2023-07-10,425.6394034004066,427.0770568847656,0,3.673478814877841
2023-07-11,427.844481713888,429.79693603515625,0,3.9371870673783245
2023-07-12,433.6143793876801,433.25494384765625,0,4.2508911686949045
2023-07-13,435.081200324676,436.6936950683594,0,4.48506818462207
2023-07-14,437.5874211818967,436.4217529296875,0,4.270795094798195
2023-07-17,436.2760512119092,437.9371032714844,0,4.265625940363579
2023-07-18,437.60676690789654,441.191162109375,0,4.435730561699302
2023-07-19,441.9877071219744,442.1722717285156,0,4.347017574051509
2023-07-20,441.1717753259547,439.23870849609375,0,3.8896290254599717
2023-07-21,440.9677641323602,439.23870849609375,0,3.83144883890424
2023-07-24,440.3946350527672,441.2008972167969,0,4.002043866659753
2023-07-25,440.928938708636,442.4054260253906,0,4.011868009604161
2023-07-26,441.4632058951924,442.47344970703125,0,3.8960586800480104
2023-07-27,445.8829680364058,439.53985595703125,0,3.507494916892717
2023-07-28,442.8328044008366,443.8430480957031,0,3.895521462807561
2023-07-31,444.3190726421929,444.6882019042969,0,3.940239768012587
2023-08-01,443.21172973654944,443.4157409667969,0,3.8220593140598407
2023-08-02,440.2781384365682,437.2474365234375,0,3.11770857931959
2023-08-03,435.21723135983814,435.99432373046875,0,2.9496307944752727
2023-08-04,437.8205001738873,434.02239990234375,0,2.712515043525111
2023-08-07,435.8680304852796,437.810791015625,0,3.132213013655547
2023-08-08,435.2560530527077,435.9068908691406,0,2.899827505964935
2023-08-09,436.17886277984366,432.99273681640625,0,2.5484179813514607
2023-08-10,435.3629392587793,433.148193359375,0,2.5500151438521454
2023-08-11,431.2636876715916,432.8955993652344,0,2.5351652793006947
2023-08-14,431.9728365088401,435.28521728515625,0,2.8327628329419214
2023-08-15,433.4978398499199,430.214599609375,0,2.0920010917476093
2023-08-16,429.79688689781284,427.0576171875,0,1.5959737232561717
2023-08-17,428.534114386001,423.8034973144531,0,1.0919473955752217
2023-08-18,420.96708219644336,424.00750732421875,0,1.0547005788021937
2023-08-21,425.0273954547556,426.76617431640625,0,1.359313685628326
2023-08-22,428.5535103178909,425.6102294921875,0,1.1582030047530794
2023-08-23,426.6787395640222,430.3505554199219,0,1.6886181787249535
2023-08-24,431.96310700430456,424.3863525390625,0,0.8875326029454812
2023-08-25,426.1251154214818,427.3782043457031,0,1.199090860700658
2023-08-28,429.58321166360145,430.0883483886719,0,1.4642017874903066
2023-08-29,429.98145051502803,436.3051452636719,0,2.1360548609820498
2023-08-30,436.6451634523584,438.10223388671875,0,2.293490269184464
2023-08-31,438.72384191656135,437.4610595703125,0,2.162419510972156
2023-09-01,440.2003514071393,438.2770080566406,0,2.206312307454485
2023-09-05,437.83018909281276,436.3828125,0,1.9232812021857453
2023-09-06,435.56691220134365,433.4493103027344,0,1.5230863260948195
2023-09-07,430.42830840165385,432.1185302734375,0,1.3085658720776339
2023-09-08,432.16703614085947,432.769287109375,0,1.323695237477463
2023-09-11,435.4114673223435,435.615478515625,0,1.5834428946504706
2023-09-12,434.1584069631142,433.2258605957031,0,1.2774323755638346
2023-09-13,433.44927898723824,433.7309875488281,0,1.2819287991345343
2023-09-14,436.2177050702565,437.47076416015625,0,1.632636926686343
2023-09-15,435.87511380757365,432.2000732421875,0,1.0192165313353032
2023-09-18,431.8880562008691,432.4534606933594,0,0.9889152863588322
2023-09-19,431.5273976156573,431.556640625,0,0.8391862317785485
2023-09-20,432.823909827221,427.5892028808594,0,0.39802836467687885
2023-09-21,424.72326482320904,420.5218505859375,0,-0.297763099383322
2023-09-22,421.55515026695025,419.5762939453125,0,-0.3838815939824208
2023-09-25,418.35776190640524,421.3406677246094,0,-0.23924522944770857
2023-09-26,418.279786333382,415.1506652832031,0,-0.7534825260200222
2023-09-27,416.3301524211452,415.31634521484375,0,-0.7298995463365727
2023-09-28,414.7607606962109,417.7241516113281,0,-0.5386171643516455
2023-09-29,420.7947690948166,416.7103271484375,0,-0.6101464260104948
2023-10-02,415.8720282161266,416.5446472167969,0,-0.6178681364315372
2023-10-03,414.35129964481234,410.9687194824219,0,-0.9890554999843673
2023-10-04,411.43664961182077,413.9613952636719,0,-0.7717182457287163
2023-10-05,413.66893271247125,413.805419921875,0,-0.777377055543009
2023-10-06,411.3391815343107,418.7184753417969,0,-0.46223406667536426
2023-10-09,416.8078394223193,421.3992004394531,0,-0.30144963309198547
2023-10-10,422.032771752089,423.59246826171875,0,-0.17195553398045638
2023-10-11,424.66477534883535,425.32763671875,0,-0.07054755346273324
2023-10-12,425.9417718227219,422.7346496582031,0,-0.26191892425677005
2023-10-13,424.2455830882872,420.6290588378906,0,-0.42062047557048404
2023-10-16,422.89061561066933,425.0546875,0,-0.13280832769839426
2023-10-17,421.9060354435053,425.03515625,0,-0.15640731807879746
2023-10-18,423.25135420627583,419.3716125488281,0,-0.5854098024595311
2023-10-19,420.0929432509383,415.6867980957031,0,-0.871614231185163
2023-10-20,415.24812835484806,410.57879638671875,0,-1.2479971119853508
2023-10-23,409.03862637027237,409.8672180175781,1,-1.315606169629701
2023-10-24,412.0020456681311,412.9573669433594,0,-1.112390614986715
2023-10-25,411.2611739159688,407.0304870605469,1,-1.566978194429109
2023-10-26,405.95820247594975,402.15643310546875,0,-1.894817217193542
2023-10-27,403.75516850556505,400.3335876464844,0,-1.976418116873109
2023-10-30,403.1410168304096,405.119873046875,1,-1.603164582324865
2023-10-31,405.6949952049465,407.66412353515625,1,-1.4197073644399247
2023-11-01,408.6389268582989,412.0117492675781,0,-1.1110174833751956
2023-11-02,415.8330307293069,419.9077453613281,0,-0.5379340369130241
2023-11-03,422.2278004846274,423.7387390136719,0,-0.25732146750005824
2023-11-06,424.49907283120535,424.7135314941406,0,-0.18784227454823002
2023-11-07,424.713520975765,425.9222717285156,0,-0.09470698164531367
2023-11-08,426.52662197918363,426.23419189453125,0,-0.07047603252014194
2023-11-09,427.3844848158496,422.9101257324219,0,-0.33905506540312613
2023-11-10,424.99619191806926,429.509521484375,0,0.1909634020969806
2023-11-13,428.16432214885,429.1001281738281,0,0.1541905507062978
2023-11-14,435.07570025554276,437.42498779296875,0,0.8221826834425026
2023-11-15,438.7702034175982,438.3510437011719,0,0.8805894167124003
2023-11-16,437.9026427989849,438.88720703125,0,0.915383196919369
2023-11-17,438.8969134726528,439.4330749511719,0,0.9427761869830277
2023-11-20,439.1796646181905,442.8157043457031,0,1.19640147099431
2023-11-21,441.76285691154857,441.8505859375,0,1.106944192246449
2023-11-22,443.5175477071304,443.5565185546875,0,1.2420559564666784
2023-11-24,443.6052812771049,443.8294677734375,0,1.2643922934857044
2023-11-27,443.19588237275934,443.0301818847656,0,1.195533513583217
2023-11-28,442.6401584578128,443.46875,0,1.2282266236819501
2023-11-29,445.63284701527954,443.1568298339844,0,1.1943947302894153
2023-11-30,444.00492797140174,444.9017333984375,0,1.3220826447683451
2023-12-01,444.2875992436387,447.5337219238281,0,1.5112320860022328
2023-12-04,444.12188212625665,445.1844177246094,0,1.3019245752912374
2023-12-05,443.7904728995386,445.0967102050781,0,1.2849267451241495
2023-12-06,447.2510557873712,443.3031005859375,0,1.1303190157827732
2023-12-07,445.39891700743266,446.6856689453125,0,1.3891733541634839
2023-12-08,445.9350883723453,448.6060791015625,0,1.5280037017590082
2023-12-11,448.1089085665673,450.3509521484375,0,1.6287053715661812
2023-12-12,449.99997188879604,452.4077453613281,0,1.741551731040149
2023-12-13,452.78791758445004,458.6465148925781,0,2.1292080245278497
2023-12-14,460.5961454982613,460.1184997558594,0,2.140439778381673
2023-12-15,459.5175058870526,459.36090087890625,0,2.0074683496402965
2023-12-18,460.9758624974249,461.94482421875,0,2.0978894070417584
2023-12-19,462.49294504720444,464.7538757324219,0,2.1899282278737755
2023-12-20,463.892567568819,458.31365966796875,0,1.7372771309484465
2023-12-21,461.3184379551816,462.65936279296875,0,1.9576287541141253
2023-12-22,463.79461178677866,463.5890808105469,0,1.955743690117798
2023-12-26,464.0002050526685,465.546630859375,0,2.0131977029483075
2023-12-27,465.34114850963823,466.388427734375,0,2.0048836231895035
2023-12-28,466.7505112432347,466.5645446777344,0,1.9764470908097007
2023-12-29,466.36882605664505,465.2138977050781,0,1.8641670773643817
